来啊，相互伤害呀,http://tieba.baidu.com/p/5072698547
我怎么啥都发不出去,http://tieba.baidu.com/p/5072671637
上海大学生兼职群~~企业发布兼职信息~~欢迎上海大学生~~顶 顶 顶,http://tieba.baidu.com/p/5072698074
网聊打得火热，见面就冷若冰霜，怎么办？,http://tieba.baidu.com/p/5072636976
有人追这部剧吗？vx：  yang15159807961,http://tieba.baidu.com/p/5072697552
来啊，相互伤害呀,http://tieba.baidu.com/p/5072698547
我怎么啥都发不出去,http://tieba.baidu.com/p/5072671637
上海大学生兼职群~~企业发布兼职信息~~欢迎上海大学生~~顶 顶 顶,http://tieba.baidu.com/p/5072698074
网聊打得火热，见面就冷若冰霜，怎么办？,http://tieba.baidu.com/p/5072636976
有人追这部剧吗？vx：  yang15159807961,http://tieba.baidu.com/p/5072697552
1,来啊，相互伤害呀,http://tieba.baidu.com/p/5072698547,小淮祭,http://tieba.baidu.com/home/main?un=小淮祭
2,我怎么啥都发不出去,http://tieba.baidu.com/p/5072671637,尹小,http://tieba.baidu.com/home/main?un=尹小
3,上海大学生兼职群~~企业发布兼职信息~~欢迎上海大学生~~顶 顶 顶,http://tieba.baidu.com/p/5072698074,张大仙zl,http://tieba.baidu.com/home/main?un=张大仙zl
4,网聊打得火热，见面就冷若冰霜，怎么办？,http://tieba.baidu.com/p/5072636976,小野的兜子,http://tieba.baidu.com/home/main?un=小野的兜子
5,有人追这部剧吗？vx：  yang15159807961,http://tieba.baidu.com/p/5072697552,great旋转密码,http://tieba.baidu.com/home/main?un=great旋转密码
